Model,CV_ROC_AUC,Accuracy,Precision,Recall,F1_Score,ROC_AUC
Logistic Regression,0.9819905957690445,0.93,0.9270216962524654,0.9343936381709742,0.9306930693069307,0.9813553287918365
Random Forest,0.9973336434755632,0.985,0.9919354838709677,0.9781312127236581,0.984984984984985,0.9982859382937785
Gradient Boosting,0.9986949412001828,0.991,0.9920318725099602,0.9900596421471173,0.991044776119403,0.9977359184930658
